{
  "HTML Template minimal": {
    "prefix": "!!",
    "body": [
      "<!DOCTYPE html>",
      "<html lang=\"en\">",
      "<head>",
      "    <meta charset=\"UTF-8\">",
      "    <meta name=\"viewport\" content=\"width=device-width, initial-scale=1.0\">",
      "    <title>website, template by Silent Syntax</title>",
      "    <link rel=\"stylesheet\" href=\"style.css\">",
      "    <!--you need a file in your project folder named style.css for this to work-->",
      "    <style>",
      "    footer {",
      "    text-align: center;",
      "    font-size: 20px;",
      "    border: solid;",
      "    background-color: darkolivegreen;",
      "    margin: 80px;",
      "    }",
      "    </style>",
      "</head>",
      "<body>",
      "    <header>",
      "    <h1>Welcome to my website</h1>",
      "    <p>this website is based on a template by Silent Syntax</p>",
      "    </header>",
      "    <script src=\"script.js\"></script>",
      "    <!--you need a file in your project folder named script.js for this to work-->",
      "    <footer>Copyright (your online name) 2025, all rights reserved </footer>",
      "</body>",
      "</html>"
    ],
    "description": "A minimal HTML boilerplate by Silent Syntax"
  },

  "HTML Template full": {
    "prefix": "!!!!",
    "body": [
      "<!DOCTYPE html>",
      "<html lang=\"en\">",
      "<head>",
      "  <meta charset=\"UTF-8\" />",
      "  <meta name=\"viewport\" content=\"width=device-width, initial-scale=1.0\" />",
      "  <title>Silent Syntax's Code template</title>",
      "  <style>",
      "    body {",
      "      background-color: #111;",
      "      color: #eee;",
      "      font-family: Arial, sans-serif;",
      "      margin: 0;",
      "      padding: 0;",
      "    }",
      "    header, footer {",
      "      background-color: #222;",
      "      padding: 20px;",
      "      text-align: center;",
      "    }",
      "    main {",
      "      padding: 20px;",
      "    }",
      "    a {",
      "      color: #4fc3f7;",
      "      text-decoration: none;",
      "    }",
      "    a:hover {",
      "      text-decoration: underline;",
      "    }",
      "    h1, h2 {",
      "      color: #fff;",
      "    }",
      "  </style>",
      "</head>",
      "<body>",
      "  <header>",
      "    <h1>Silent Syntax</h1>",
      "    <p>Welcome to Silent Syntax's code template</p>",
      "  </header>",
      "",
      "  <script src='script.js'></script>",
      "  <!--to use please have a file called script.js in your project folder-->",
      "",
      "  <main>",
      "    <section>",
      "      <h2>About</h2>",
      "      <p>this is about me</p>",
      "    </section>",
      "",
      "    <section>",
      "      <h2>Projects</h2>",
      "      <ul>",
      "        <li><a href=\"https://www.example.com\">Project One</a></li>",
      "        <li><a href=\"https://www.example.com\">Project Two</a></li>",
      "        <li><a href=\"https://www.example.com\">Project Three</a></li>",
      "        <!--add more if needed-->",
      "      </ul>",
      "    </section>",
      "",
      "    <section>",
      "      <h2>Contact</h2>",
      "      <p>Email: <a href=\"your email here\">your email here</a></p>",
      "    </section>",
      "  </main>",
      "",
      "  <footer>",
      "    <p>&copy; 2025 (your online name). All rights reserved.</p>",
      "  </footer>",
      "</body>",
      "</html>"
    ],
    "description": "A full HTML boilerplate by Silent Syntax (internal CSS, dark theme)"
  },

  "HTML Comment Block": {
    "prefix": "//",
    "body": [
      "<!-- ${1:comment} -->"
    ],
    "description": "Insert HTML comment"
  }
}
